id,first_name,last_name
613,Lucinda,Tench
181,Yevette,Ebanks
963,Ekaterina,Hamly
140,Sherye,Paxforde
800,Gayla,Girk
985,Dannie,Berzin
931,Cal,Benitti
975,Hilario,Warbys
607,Geri,Creeghan
777,Vita,Haldin
478,Berky,Doogue
557,Kalina,Cleyne
123,Vittoria,Newcome
999,Tammi,Bexley
756,Martyn,Terry
390,Teressa,Damant
815,Bryant,Eyckelbeck
842,Olivie,Goly
560,Merola,MacArdle
413,Hyacinthia,Cheke
861,Erroll,Caustic
136,Amory,Waeland
430,Lock,Orneblow
481,Michaela,Walliker
318,Minny,Boribal
353,Malynda,McAviy
527,Giff,Herrema
892,Cathyleen,Eton
749,Blisse,Boyton
145,Paddie,Langfat
798,Ive,Gash
681,Danice,Cardinal
291,Matt,Le Blond
694,Craggie,Mountfort
197,Patricio,Hanniger
794,May,Castledine
213,Julienne,Albrighton
869,Jed,Fouch
111,Bamby,Jandl
982,Burty,Strowlger
587,Charlie,Butler
720,Lillis,Richemond
691,Aldo,Dinjes
323,Pauletta,Lambell
980,Boigie,Roycroft
502,Andriana,Tampen
765,Perry,Stubbeley
389,Marne,Bloschke
987,Natassia,Battany
592,Willamina,Dalli
436,Auberta,Aleksic
973,Giacinta,Bleasby
566,Aarika,Loncaster
519,Bili,Leavey
664,Tobe,Somerlie
257,Melessa,Geely
360,Abbye,Serris
390,Willdon,Yakovliv
883,Conrado,Dryburgh
738,Major,Harral
822,Avivah,Bishopp
143,Reeva,Van der Hoeven
180,Tresa,Kastel
381,Elnore,Broodes
135,Solly,Spoure
382,Ede,Gauvin
925,Jonas,Kyme
819,Teodoro,Auston
839,Valery,Schruyer
111,Ambrosius,Hillum
930,Trumaine,Dillamore
145,Chicky,Christauffour
587,Babita,Bauer
357,Walt,Moggach
225,Lotte,Fiddymont
708,Richardo,Moretto
267,Webb,Werendell
423,Corrie,Bowdery
301,Wash,Filde
583,Paige,Kynan
651,Neila,Fretwell
862,Kennedy,Bogace
793,Agnese,Laflin
680,Maggy,Premble
401,Heloise,Boulter
109,Josi,Cuerda
273,Midge,Witsey
417,Thia,Skittrall
202,Camille,Velde
785,Sig,Hearst
998,Ana,Dickson
350,Lishe,Moultrie
877,Delilah,Hessing
562,Billi,Pauler
885,Daphene,Giamitti
864,Clim,Calleja
627,Darline,Hamlet
834,Shaine,Hardeman
449,Eugene,Bes
376,Lynnell,MacSherry
465,Dannel,Whaplington
163,Nat,Rimour
442,Jeffy,Grimestone
699,Anni,Cragoe
901,Mada,Landrean
421,Shepherd,Coultar
391,Osborne,Guilaem
192,Lauren,McArthur
483,Sinclare,Wallbutton
494,Archibaldo,Iacabucci
820,Ellie,Thornewell
324,Joseito,Corteney
480,Reidar,Beldam
905,Jordain,Bruntjen
549,Verla,Gary
738,Porty,Towey
281,Stefano,Rabjohns
489,Wylie,Charlet
288,Kristen,Hearnden
365,Erica,Flescher
380,Essa,Monck
339,Petronia,Doddemeade
199,Modestia,de Mendoza
236,Claresta,Fewtrell
461,Allyson,Sundin
959,Tiena,Vaadeland
661,Kristin,Dillintone
743,Mill,Sivier
520,Darice,Riddeough
617,Maximilien,Menlove
185,Tybi,Litchmore
288,Cyndia,Aberdein
767,Maryanna,Berriman
134,Giffie,Consadine
935,Berget,Froude
301,Kittie,Haveline
504,Nataniel,Latchford
482,Hollis,Worsnap
135,Nikaniki,Brodeau
161,Smith,Alcock
122,Adiana,McIan
357,Juliette,Dodson
453,Camellia,Matzeitis
494,Emmalynne,Rabbet
441,Virge,Deane
729,Candida,Hackly
661,Valle,Vooght
112,Craig,Rodge
687,Wittie,Levensky
489,Chevalier,Spinello
270,York,MacLise
322,Nathanael,Gisbey
529,Upton,Gledstane
669,Demetrius,Neljes
285,Lorna,Purle
223,Meredeth,Bukac
547,Cloe,Fiennes
781,Terry,Yelland
627,Hyatt,Rackley
823,Coleen,Laughtisse
850,Kenna,Mantrup
324,Paola,Adamthwaite
565,Alison,Jakeman
819,Elberta,Halbord
645,Beverley,McTear
687,Audre,Lysaght
212,Broddie,Carwithim
669,Rozanna,Oldale
588,Ches,Fallanche
825,Wallie,Colin
614,Adorne,Tetther
838,Janella,Harral
963,Mike,Brogini
433,Edward,Esom
442,Dionisio,Ducker
863,Gilberta,Bradneck
714,Donni,Stolberg
220,Stearne,Bains
132,Nerita,Cauldwell
922,Elene,Fyall
318,Moses,Merryfield
580,Marys,Colthurst
637,Ricki,Godlonton
834,Trip,Lydden
313,Faber,Pellett
985,Melisandra,Souten
368,Gerrie,Beszant
684,Kizzie,Fearby
890,Corbie,Baughn
938,Vicky,Caslake
413,Harlene,Delion
867,Gaby,Dury
661,Gray,McKie
432,Curcio,Rittmeyer
135,Brody,MacNally
796,Jocelyn,Turpin
520,Jacquenetta,Bonallack
611,Ravi,Daburn
779,Faber,Hansmann
909,Dyna,Chezelle
378,Sheridan,Skin
134,Rosabel,Fear
101,Galven,Dilon
151,Gigi,Leask
395,Corilla,Batha
274,Larisa,Trobridge
567,Cobby,Coiley
676,Marius,Alderwick
353,Stirling,Beelby
653,Tera,Goady
621,Bucky,Prettyjohn
928,Ferdinand,Canada
149,Malcolm,Raubenheimers
276,Gil,Demange
716,Cele,Manilow
406,Drugi,Tretter
311,Gillan,Shenton
290,Denny,Clarey
478,Tandi,Dines
659,Bronnie,Elkington
895,Merridie,Alpe
905,Herb,Mallord
842,Gaylor,Feldklein
971,Mariel,Morby
168,Ricky,Munnion
913,Marylou,Blankau
977,Philomena,Franchi
160,Hendrik,Kernar
422,Yehudi,Kyteley
737,Maia,Gasquoine
115,Adey,Cammocke
173,Annalee,Pavlata
922,Westley,Connors
948,Ophelie,Rasher
281,Pooh,Stevings
147,Kittie,Petrecz
263,Kata,Tregonna
775,Suzann,De Atta
730,Sonnie,Glyssanne
172,Dari,Paszek
747,Buddy,Palmar
849,Levi,Fulham
183,Darci,Greenlies
215,Norma,Sutworth
946,Jilleen,Brasse
407,Addie,Avraham
959,Phelia,Mathelon
980,Brigida,Heinreich
645,Tuesday,Veque
463,Camile,Kinkade
616,Staffard,Birkby
619,Kalle,Vasiltsov
697,Micheal,Bernuzzi
799,Ruddie,Bousfield
998,Gaylene,Duling
823,Ottilie,Dressell
297,Alard,Stennard
257,Guillermo,Edens
459,Ara,Charrier
903,Constancy,Enrico
694,Carmel,Astell
601,Eve,Dragoe
568,Kendrick,Rentoul
430,Upton,Toffolo
671,Osbert,Alner
309,Junette,McIlvoray
309,Kitti,Layburn
737,Fanni,Wyre
798,Kenny,Dewi
282,Ximenez,Mathison
641,Olympe,Heineken
775,Alexandros,Gambie
985,Tyler,Tinker
640,Costanza,Trodd
481,Lavena,Crudgington
101,Marlena,Glentworth
807,Jenda,Jatczak
987,Lynnette,Callar
367,Barnabas,Kearn
105,Frederico,Mattimoe
159,Bambi,Bearns
731,Sharl,Finch
900,Ara,Dugan
686,Lian,Llorente
512,Dedra,Repp
940,Elladine,Carnalan
350,Ermanno,Ondrusek
272,Geordie,Ansill
534,Rica,McQuilliam
517,Gaven,Shorthill
436,Lorianna,Beggin
357,Urbano,Tegeller
183,Zulema,Tinwell
786,Briant,Flintoft
185,Bethena,Dilley
356,Dewain,Grisedale
869,Chicky,Baynam
211,Gertrud,Floweth
173,Abigael,Kmieciak
303,Worden,Wixon
657,Sydney,Danat
624,Richart,Davis
135,Marty,Colaton
420,Jyoti,Chalcraft
606,Westleigh,Rathborne
602,Chrissie,Carlin
739,Mace,Duckels
594,Kalil,Hastie
594,Taite,Becerra
948,Andra,Knill
349,Aindrea,McWilliams
104,Perrine,Birdseye
286,Ogden,Feldharker
557,Johnette,Coonihan
911,Francesca,Akess
314,Jerad,Ridulfo
221,Babbie,Newlands
856,Nichole,Kieran
553,Brunhilde,Klees
294,Hillyer,Barge
134,Diandra,Verecker
100,Ibbie,Daens
990,Kellie,Rubra
901,Merrill,Pentelow
880,Madlen,Churchin
614,Wanda,Punch
155,Matti,Batram
635,Tito,Trent
987,Eydie,Townshend
906,Nani,Sabater
964,Wheeler,Vanin
832,Quill,McDonagh
640,Oralie,Standell
360,Catie,Gogerty
904,Juline,Birtle
343,Deanna,Coat
472,Gerta,Codman
880,Gertrudis,Dilworth
256,Bernardine,Churches
966,Sandro,O'Fallon
126,Justinian,Sandom
191,Aridatha,Eddison
723,Eloise,Byrch
835,Quinton,Facer
236,Christophorus,Edward
699,Eleni,Cragg
965,Goober,Brandreth
865,Farris,Climo
286,Nolie,Hannibal
277,Annadiana,Lohmeyer
122,Raine,Orknay
325,Codee,Legister
477,Ladonna,Giannotti
906,Rosina,Hurry
633,Audrie,Da Costa
695,Sebastian,Vaskov
435,Raymond,Overy
405,Carolin,Feldmus
718,Tess,MacGillacolm
810,Dorrie,Deignan
170,Angil,Fairholm
278,Dino,Timbridge
222,Glory,Cardew
943,Charmine,Forber
582,Lolita,Toovey
772,Cora,Ingle
937,Bell,Merchant
362,Ignatius,Twining
952,Burke,Springtorpe
703,Ansley,Wither
472,Waite,Onele
522,Raoul,Habercham
527,Loren,Baggaley
720,Harris,Huc
963,Bondy,Ruffler
594,Ester,Dowson
267,Viva,Digan
371,Reese,Toye
530,Christin,Quinn
715,Coreen,Pinchbeck
623,Eleanore,Barajaz
389,Tabbie,Brunelleschi
504,Betsy,Snalham
846,Efrem,McVie
450,Gaston,Birrane
670,Devlen,Lazonby
864,Troy,Camacho
820,Lorene,Dubery
835,Stacie,Muckley
801,Denys,Sendley
295,Franchot,Kienlein
434,Jeremie,Costen
649,Obed,Lumb
750,Patrica,Picopp
860,Karisa,Scanterbury
371,Jamison,Mansfield
922,Sterling,Mewhirter
798,Sigrid,Leale
294,Averyl,Kerss
850,Darrin,Chadwyck
451,Valerye,Ianittello
241,Liana,Gorden
531,Ryann,Atkirk
650,Marieann,Extance
681,Milka,Pawelczyk
669,Boony,Van den Hof
421,Allan,Harlett
794,Welbie,Markwell
830,Othello,Iggulden
645,Luis,Lacasa
331,Nanice,Duiged
246,Erny,Hannent
547,Stirling,Brumwell
218,Marnia,Swallwell
824,Hayyim,Bonick
775,Mollee,Mowday
194,Ferne,Arrol
324,Ellyn,Sapsed
467,Corney,Claringbold
836,Astrid,Bromidge
485,Ellery,Tellesson
670,Guido,Christoffels
617,Tate,Gavey
794,Kelly,Kubatsch
580,Arabel,Harridge
293,Lionel,Peddar
769,Murray,Kingscote
402,Arie,Natt
970,Dominick,Rowlings
452,Massimo,Alleburton
360,Kimmy,Sheilds
453,Ninnetta,Duplan
546,Sheri,Gonnel
835,Addison,Hatcliffe
431,Alwin,Standing
293,Jimmie,Degoy
130,Manuel,Callacher
748,Humberto,Grinyer
371,Zelma,Sharple
658,Correna,Dobey
896,Misti,Goodliffe
121,Eileen,Quig
798,Hilde,Huckabe
510,Shandy,Irving
470,Phillipe,Plows
606,Tricia,Cockley
595,Codie,Schaben
838,Kamillah,L'argent
537,Betsy,Raddish
469,Almira,Dorrell
471,Hewett,Lansly
548,Ebba,Lalor
780,Millicent,Crumbleholme
942,Sharai,Salkild
218,Harman,Lantaff
148,Alessandra,Turney
310,Damon,Allsebrook
145,Philbert,Pullin
209,Feliks,Griffe
222,Lyndsey,Falloon
898,Siusan,Becke
441,Julian,Rozanski
191,Michaelina,Goucher
525,Rivy,Rays
204,Clarette,Vasilechko
786,Murielle,Doorbar
686,Edd,Olekhov
624,Eveleen,Arnley
165,Alfy,Hazeup
314,Hastings,Dolan
871,Trumann,Crookshank
189,Flin,Ewles
423,Doy,Bailey
877,Collin,Haughian
622,Florri,Liddiatt
494,Johnathan,Wickerson
700,Pren,Matyatin
767,Cherin,Rewan
807,Anderea,Klisch
710,Genni,Bocking
207,Jolie,Craiker
503,Friedrich,Keegan
793,Leland,Paladini
831,Joelly,Fries
248,Kamillah,Swetman
639,Harmony,Crickmoor
881,Marcela,McKim
268,Jedd,Gligori
872,Gerek,Mee
646,Fayina,Costellow
208,Trudey,Casier
462,Karin,Boutton
502,Thadeus,Goodrum
494,Darline,Roadnight
618,Ariella,Wolland
239,Lindsey,Gentery
438,Lil,Boldt
888,Vera,Novelli
699,Correna,Hannen
727,Griswold,Guymer
956,Audie,Muselli
660,Brandise,Charteris
946,Eulalie,Devas
570,Christophorus,Greggor
412,Emelda,Grinin
557,Anna-maria,McLukie
387,Marti,Kissock
955,Josi,Pleace
440,Elliott,Goby
221,Phillida,Hartshorn
224,Fanny,Cuttles
592,Gino,Thunnercliffe
877,Creight,Venes
677,Kerr,Ragborne
907,Tim,Benardet
843,Ilyse,Deegin
407,Patrick,Bottomley
936,Franchot,Lattimer
774,Deb,Vergine
418,Rockwell,MacCaffery
743,Hetti,Woodham
298,Arney,Zincke
559,Odelia,Joret
758,Alexander,Crossfeld
586,Fletch,Bunning
678,Kyla,Been
257,Marylin,Andryunin
378,Merilyn,Vallentin
759,Tiphani,Stafford
714,Sim,McCaig
620,Mollee,Jannequin
261,Cole,Zipsell
691,Modestine,Hatchman
429,Jacquetta,Goodright
790,Reidar,Marzelo
105,Merrili,Bastow
618,Shandra,Delhay
383,Vonni,Knevit
243,Gorden,Crawshay
827,Terrye,Kippin
525,Gothart,Fleis
383,Coral,Swindall
755,Alyosha,Crannell
760,Bernadette,Fransseni
126,Rosabel,Dearing
799,Guss,Vell
452,Sebastian,Dymocke
117,Christabella,Chancellor
471,Gerladina,Roskelly
222,Viviyan,Innocent
191,Gregory,Rubra
321,Traci,Inggall
961,Cob,Hubane
568,Barny,Swatheridge
869,Taryn,Dunabie
962,Gavan,Bines
254,Minerva,Flatman
340,Stu,Elliff
617,Darrin,Brotherhead
510,Kaile,Parr
754,Danya,Easum
583,Patsy,Reast
362,Josefa,Colebourne
314,Caleb,Spawforth
730,Clerkclaude,Girtin
940,Reinhard,Buntine
974,Warde,Irwin
475,Chaunce,Baison
150,Angelina,Threlkeld
126,Sherwood,Baggett
965,Hamnet,Stripling
823,Jamie,Salliss
329,Michale,Elphinstone
544,Ludovika,Hart
735,Corbie,Rioch
533,Isadore,Fernando
906,Ozzie,Moreman
232,Carny,Badam
248,Rosmunda,Pulman
709,Gianna,Smeuin
185,Heinrick,Harroll
412,Cullan,Sybe
148,Katie,Kruschev
517,Charil,Armatage
834,Collin,Doley
316,Dorie,Semmens
665,Aaren,Frigout
674,Warner,Katzmann
204,Kimmy,Gillard
301,Brena,McCrossan
138,Kippie,Beahan
459,Ethelin,Sussams
613,Elie,Cockshot
620,Merilee,Newey
729,Denver,Lorand
783,Sigismund,Meineken
880,Peirce,Hellmer
353,Codee,McPhail
307,Vassily,Armsby
286,Bengt,Oolahan
131,Tammi,Kirkham
674,Frederich,McNess
212,Whit,Sturridge
143,Bibbye,Brister
717,Coletta,Money
118,Willis,Bandiera
625,Brodie,MacKeague
266,Davey,Herrieven
718,Harold,Sorbey
467,Roze,Broxup
116,Ruthanne,Cabera
650,Lu,McLeish
518,Tatum,De Brett
850,Edyth,Dwyer
826,Berkly,Mattinson
955,Denney,Regis
495,Ethelred,Obern
334,Carson,Render
974,Winonah,Thoday
858,Elwin,Corde
956,Pippa,Sollime
903,Kirk,McNirlan
706,Ernestine,Camblin
247,Onfre,Breazeall
682,Wynnie,Helis
650,Amelie,Michiel
147,Mitchell,Ralph
255,Mattias,Cardillo
218,Sally,Tabary
203,Michal,Dieton
742,Sigismundo,Ubsdell
842,Alleen,Slatter
949,Web,Castellino
123,Rivalee,Duckwith
651,Stepha,Grimsdell
488,Sharla,Fever
330,Lazaro,Laminman
780,Abbott,Elbourn
775,Farrel,Aspole
405,Barry,Wortley
193,Bron,Puttick
489,Gustie,O'Scandall
202,Humberto,Daymont
819,Loutitia,Gittins
630,Zechariah,McDaid
362,Dewie,Sauvage
227,Bogart,Giannoni
813,Stanislas,Elsbury
361,Glen,Sharvill
341,Jo ann,Gibling
896,Grenville,Placstone
164,Shellysheldon,Cann
745,Chancey,Pawlyn
949,Carla,Newlin
659,Van,Aiston
546,Elfrieda,Wadley
479,Shelba,Leger
981,Dalt,Selwin
228,Xever,McRory
595,Agata,Mallinson
188,Rae,Meatyard
211,Jarid,Tedder
426,Myranda,Chalfain
962,Malory,Huleatt
730,Hank,Bogges
520,Dee,Mc-Kerley
656,Leroi,McGragh
954,Wayland,Rummin
495,Helaine,Lago
751,Justinian,Zanneli
244,Poppy,Benner
968,Amy,Gedney
412,Nico,Clymer
836,Marcelle,Maddaford
472,Micky,Lettice
836,Padriac,Grishelyov
881,Salvidor,Rickeard
717,Jayson,Sempill
351,Neel,Claricoats
734,Donnamarie,Etock
411,Prudi,Nystrom
632,Rena,Dubock
133,Louisette,Cardenoza
927,Kirstyn,Lewton
293,Keane,Climson
511,Elfreda,Mordey
319,Dalila,Bridgwood
214,Willy,Garfoot
956,Alisun,Fraanchyonok
404,Iorgos,Dericot
175,Sibeal,Garry
180,Bob,Marron
567,Ruthy,Bondley
209,Lynna,Verralls
258,Rudolph,Roly
193,Basia,Artiss
406,Dorena,Trevorrow
364,Zachariah,Wardley
937,Garreth,Sicily
699,Issy,Ryson
532,Whittaker,Godley
209,Kit,Tennock
157,Artemas,Zavittieri
447,Noelle,Gaunt
447,Erin,Cearley
899,Leroi,Hodjetts
281,Huberto,Jacobssen
784,Hilton,Chessor
635,Micah,Dake
818,Cory,Chesterman
261,Averill,Colyer
382,Welby,Usmar
870,Adi,Small
136,Guenna,Klemps
601,Haskell,Svanini
307,Mercie,Drackford
506,Reggi,Cicullo
979,Dagny,Disdel
238,Delbert,Terrington
151,Yvon,Eller
858,Bettye,Andriulis
954,Betti,Toomey
621,Chanda,Dyball
351,Obediah,Frary
990,Leonerd,Le Brum
265,Cordie,Timny
423,Carmita,Schinetti
237,Colene,Foat
869,Janie,Favela
283,Elianora,Pordall
719,Gabey,Konig
697,Garold,Paquet
936,Kirbee,Brellin
932,Haskell,Brunstan
126,Mack,Tomsett
596,Egor,Darnell
845,Jenna,Bonhomme
981,Austen,Luckwell
710,Klara,Hardistry
528,Ree,Odgers
251,Mortie,Pincked
676,Tommy,Good
342,Annnora,Perago
202,Micki,Rubinchik
802,Sherman,Vitet
787,Harriette,Livingston
905,Cale,Danielsen
434,Delainey,Gunthorp
804,Pascal,Harmar
897,Claudina,Tithacott
509,Milli,Littlefield
586,Ezmeralda,O'Moylane
669,Thomasa,McMeeking
487,Avis,Screeton
481,Otes,Gallatly
607,Brandea,Puckinghorne
741,Sheelah,Wansbury
112,Horton,Spurway
326,Reeva,Matussow
373,Madeline,Carwardine
651,Bail,Shetliff
832,Elle,Merritt
719,Kyrstin,Gullyes
627,Jeffy,Lacrouts
209,Ermina,Berkowitz
548,Adolphus,Marjot
112,Adelbert,Fluit
172,Krishna,Helversen
998,Adaline,Smeeth
974,Uriel,Heliar
773,Marne,Faivre
393,Modesta,Jewell
500,Bobby,Ventham
162,Chelsy,Duran
629,Drew,O'Heneghan
154,Agathe,Garaghan
584,Brittni,Dudderidge
493,Germayne,Stokoe
978,Elisha,Nel
825,Titos,Dranfield
459,Daphna,Milbourne
783,Marguerite,Yurygyn
882,Sammy,Coit
289,Bruis,Ruffli
438,Jacquelynn,Penvarne
599,Morty,Glanert
542,Godfree,Charlson
545,Megen,Davidovics
490,Whitney,McClancy
112,Witty,Dodsley
870,Gerrilee,Brambill
345,Kimberly,Charlo
729,Akim,Matusevich
466,Bambi,Swindell
858,Trevar,Seers
236,Nelie,Cometto
664,Melantha,Manshaw
839,Lisha,Babe
201,Teri,Crickmer
668,Forrester,Cavey
917,Nataniel,Baraja
754,Jeramey,Salandino
106,Dynah,Thomke
650,Jimmy,Witherington
639,Carlynn,Iddons
576,Aurthur,Sliney
414,Larry,Leggan
967,Garth,Shiel
152,Maureene,Skentelbery
578,Wally,Prewer
585,Codi,Fierman
383,Leodora,Gaddas
889,Lynnell,Matthaus
600,Mandy,Carillo
123,Cherise,Maghull
751,Claudell,Bothams
520,Archy,Grimsdell
702,Ki,Rarity
948,Adrea,McGibbon
414,Rowen,Trewin
767,Doll,Britnell
531,Evyn,Tayloe
797,Alon,Bouldstridge
241,Gasper,Dawidowsky
706,Reider,Klimentyonok
484,Desi,Hunt
661,Vania,Blomfield
998,Calvin,Bitchener
682,Roma,Touson
609,Susanne,Swaddle
804,Jami,Sowley
110,Dewain,Iacofo
967,De,Iskowitz
239,Imogen,Pinor
266,Mauricio,Durbann
282,Farrell,Benka
258,Hillel,Augie
783,Helenka,Gannicleff
621,Celle,Belitz
207,Louisa,Perillo
286,Janella,Duchan
662,Binky,Boyton
959,Isaiah,Siddall
446,Edmon,Cardozo
893,Prudy,Darridon
185,Erina,Nann
358,Danna,Jopp
587,Standford,Brumpton
298,Anjanette,Southerden
337,Ellene,Cardus
910,Emyle,Sewart
604,Juan,Pettyfar
526,Ram,Shillinglaw
695,Donny,Lanbertoni
987,Quillan,Ormistone
171,Lois,Bisacre
713,Nata,Devereu
411,Hyatt,Gentner
170,Gianni,Cymper
877,Margarete,Riditch
841,Merridie,O'Doohaine
638,Rickie,Sandcraft
112,Mellisa,Briton
386,Tris,Fitzgerald
864,Herschel,Burcombe
944,Boniface,Alves
985,Urbain,Cassely
330,Ailee,Gatch
544,Gipsy,Blodget
502,Leilah,Bagshawe
301,Benedetta,Doldon
389,Englebert,Clara
852,Gerty,MacVanamy
744,Hilde,Soutar
773,Jermaine,Biner
216,Evyn,McGuinness
608,Sheridan,Lindop
129,Tilda,Mayhow
366,Raul,Emmison
565,Georgiana,Sivell
952,Northrup,Kennermann
145,Wilbur,Buntine
816,Llewellyn,Briskey
948,Curcio,Knocker
998,Tobiah,Duquesnay
449,Hernando,Saipy
932,Horatio,Satterly
332,Halimeda,Borge
215,Georgine,Utridge
526,Ellie,Fulford
647,Iolanthe,Greaser
141,Ailyn,Atcheson
552,Farleigh,McSporrin
787,Franky,Rosenau
223,Laird,Tireman
511,Zerk,Egan
370,Eliza,Bromell
670,Mikol,Fancourt
285,Allix,Iacobacci
645,Imojean,Woodeson
